Tree,Tree,Geno,Row,Col,Xgal,Csub,Lsp,Chol,Xmon,Pmel,Pads,Pund,Rsp
???N7.7,???N7.7,,1,1,1,0,0,0,0,0,0,0,0
???N7.7,???N7.7,,1,3,0,0,0,0,0,0,0,0,0
???N7.7,???N7.7,,1,5,0,0,0,0,0,0,0,0,0
???N7.7,???N7.7,,1,7,1,0,0,0,0,0,0,0,0
???N7.7,???N7.7,,1,9,1,0,0,0,0,0,0,0,0
???N7.7,???N7.7,,2,2,1,0,0,0,0,0,0,0,0
???N7.7,???N7.7,,2,4,1,0,0,0,0,0,0,0,0
???N7.7,???N7.7,,2,6,1,0,0,0,0,0,0,0,0
???N7.7,???N7.7,,2,8,1,0,0,0,0,0,0,0,0
???N7.7,???N7.7,,2,10,1,0,0,0,0,0,0,0,0
???N7.7,???N7.7,,3,1,0,0,0,0,0,0,0,0,0
???N7.7,???N7.7,,3,3,0,0,0,0,0,0,0,0,0
???N7.7,???N7.7,,3,5,1,0,0,0,0,0,0,0,0
???N7.7,???N7.7,,3,7,1,0,0,0,0,0,0,0,0
???N7.7,???N7.7,,3,9,1,0,0,0,0,0,0,0,0
???N7.7,???N7.7,,4,2,1,0,0,0,0,0,0,0,0
???N7.7,???N7.7,,4,4,1,0,0,0,0,0,0,0,0
???N7.7,???N7.7,,4,6,1,1,0,0,0,0,0,0,0
???N7.7,???N7.7,,4,8,1,0,0,0,0,0,0,0,0
???N7.7,???N7.7,,4,10,1,0,0,0,0,0,0,0,0
???N7.7,???N7.7,,5,1,0,0,0,0,0,0,0,0,0
???N7.7,???N7.7,,5,3,1,0,0,0,0,0,0,0,0
???N7.7,???N7.7,,5,5,1,1,0,0,0,0,0,0,0
???N7.7,???N7.7,,5,7,1,0,0,0,0,0,0,0,0
???N7.7,???N7.7,,5,9,1,0,0,0,0,0,0,0,0
???N7.7,???N7.7,,6,2,0,0,0,0,0,0,0,0,0
???N7.7,???N7.7,,6,4,1,1,0,1,0,0,0,0,0
???N7.7,???N7.7,,6,6,1,0,0,0,0,0,0,0,0
???N7.7,???N7.7,,6,8,1,1,0,0,0,0,0,0,0
???N7.7,???N7.7,,6,10,1,0,0,0,0,0,0,0,0
???N7.7,???N7.7,,7,1,0,0,0,0,0,0,0,0,0
???N7.7,???N7.7,,7,3,1,1,0,0,0,0,0,0,0
???N7.7,???N7.7,,7,5,1,0,0,0,0,0,0,0,0
???N7.7,???N7.7,,7,7,1,1,0,1,0,0,0,0,0
???N7.7,???N7.7,,7,9,1,0,0,0,1,0,0,0,0
???N7.7,???N7.7,,8,2,0,0,0,0,0,0,0,0,0
???N7.7,???N7.7,,8,4,1,0,0,0,0,0,0,0,0
???N7.7,???N7.7,,8,6,1,0,0,0,0,0,0,0,0
???N7.7,???N7.7,,8,8,1,0,0,0,0,0,0,0,0
???N7.7,???N7.7,,8,10,1,0,0,0,0,0,0,0,0
???N7.7,???N7.7,,9,1,0,0,0,0,0,0,0,0,0
???N7.7,???N7.7,,9,3,0,0,0,0,0,0,0,0,0
???N7.7,???N7.7,,9,5,1,0,0,0,0,0,0,0,0
???N7.7,???N7.7,,9,7,1,0,0,0,0,0,0,0,0
???N7.7,???N7.7,,9,9,1,0,0,0,0,0,0,0,0
???N7.7,???N7.7,,10,2,0,0,0,0,0,0,0,0,0
???N7.7,???N7.7,,10,4,1,0,0,0,0,0,0,0,0
???N7.7,???N7.7,,10,6,1,1,0,0,0,0,0,0,0
???N7.7,???N7.7,,10,8,1,0,0,0,0,0,0,0,0
???N7.7,???N7.7,,10,10,1,0,0,0,0,0,0,0,0
N1.11,N1.11,,1,1,1,0,0,0,0,0,0,0,0
N1.11,N1.11,,1,3,1,0,0,0,0,0,0,0,0
N1.11,N1.11,,1,5,1,0,0,0,0,0,0,0,0
N1.11,N1.11,,1,7,1,0,0,0,0,0,0,0,0
N1.11,N1.11,,1,9,1,0,0,0,0,0,0,0,0
N1.11,N1.11,,2,2,1,0,0,0,0,0,0,0,0
N1.11,N1.11,,2,4,1,0,0,0,0,0,0,0,0
N1.11,N1.11,,2,6,1,0,0,0,0,0,0,0,0
N1.11,N1.11,,2,8,1,0,0,0,0,0,0,0,0
N1.11,N1.11,,2,10,1,0,0,0,0,0,0,0,0
N1.11,N1.11,,3,1,1,0,0,0,0,0,0,0,0
N1.11,N1.11,,3,3,1,0,0,0,0,0,0,0,0
N1.11,N1.11,,3,5,1,0,0,0,0,0,0,0,0
N1.11,N1.11,,3,7,1,0,0,0,0,0,0,0,0
N1.11,N1.11,,3,9,1,0,0,0,0,0,0,0,0
N1.11,N1.11,,4,2,1,0,0,0,0,0,0,0,0
N1.11,N1.11,,4,4,1,0,0,0,0,0,0,0,0
N1.11,N1.11,,4,6,1,0,0,0,0,0,0,0,0
N1.11,N1.11,,4,8,1,0,0,0,0,0,0,0,0
N1.11,N1.11,,4,10,1,0,0,0,0,0,0,0,0
N1.11,N1.11,,5,1,1,0,0,0,0,0,0,0,0
N1.11,N1.11,,5,3,1,0,0,0,0,0,0,0,0
N1.11,N1.11,,5,5,1,0,0,0,0,0,0,0,0
N1.11,N1.11,,5,7,1,0,0,0,0,0,0,0,0
N1.11,N1.11,,5,9,1,0,0,0,0,0,0,0,0
N1.11,N1.11,,6,2,1,0,0,0,0,0,0,0,0
N1.11,N1.11,,6,4,1,0,0,0,0,0,0,0,0
N1.11,N1.11,,6,6,1,0,0,0,0,0,0,0,0
N1.11,N1.11,,6,8,1,0,0,0,0,0,0,0,0
N1.11,N1.11,,6,10,1,1,0,0,0,0,0,0,0
N1.11,N1.11,,7,1,1,0,0,0,0,0,0,0,0
N1.11,N1.11,,7,3,1,0,0,0,0,0,0,0,0
N1.11,N1.11,,7,5,1,0,0,0,0,0,0,0,0
N1.11,N1.11,,7,7,1,0,0,0,0,0,0,0,0
N1.11,N1.11,,7,9,1,0,0,0,0,0,0,0,0
N1.11,N1.11,,8,2,1,0,0,0,0,0,0,0,0
N1.11,N1.11,,8,4,1,0,0,0,0,0,0,0,0
N1.11,N1.11,,8,6,1,0,0,0,0,0,0,0,0
N1.11,N1.11,,8,8,1,0,0,0,0,0,0,0,0
N1.11,N1.11,,8,10,1,1,0,0,0,0,0,0,0
N1.11,N1.11,,9,1,1,0,0,0,0,0,0,0,0
N1.11,N1.11,,9,3,1,0,0,0,0,0,0,0,0
N1.11,N1.11,,9,5,1,0,0,0,0,0,0,0,0
N1.11,N1.11,,9,7,1,0,0,0,0,0,0,0,0
N1.11,N1.11,,9,9,1,0,0,0,0,0,0,0,0
N1.11,N1.11,,10,2,1,0,0,0,0,0,0,0,0
N1.11,N1.11,,10,4,1,0,0,0,0,0,0,0,0
N1.11,N1.11,,10,6,1,0,0,0,0,0,0,0,0
N1.11,N1.11,,10,8,1,0,0,0,0,0,0,0,0
N1.11,N1.11,,10,10,1,0,0,0,0,0,0,1,0
N1.05,N1.05,,1,1,0,0,0,0,0,0,0,0,0
N1.05,N1.05,,1,3,0,0,0,0,0,0,0,0,0
N1.05,N1.05,,1,5,1,0,0,0,0,0,0,0,0
N1.05,N1.05,,1,7,0,0,0,0,0,0,0,0,0
N1.05,N1.05,,1,9,1,0,0,0,0,0,0,0,0
N1.05,N1.05,,2,2,1,0,0,0,0,0,0,0,0
N1.05,N1.05,,2,4,1,0,0,0,0,0,0,0,0
N1.05,N1.05,,2,6,1,0,0,0,0,0,0,0,0
N1.05,N1.05,,2,8,1,0,0,0,0,0,0,0,0
N1.05,N1.05,,2,10,0,0,0,0,0,0,0,0,0
N1.05,N1.05,,3,1,0,0,0,0,0,0,0,0,0
N1.05,N1.05,,3,3,1,0,0,0,0,0,0,0,0
N1.05,N1.05,,3,5,1,0,0,0,0,0,0,0,0
N1.05,N1.05,,3,7,1,0,0,0,0,0,0,0,0
N1.05,N1.05,,3,9,1,0,0,0,0,0,0,0,0
N1.05,N1.05,,4,2,0,0,0,0,0,0,0,0,0
N1.05,N1.05,,4,4,1,0,0,0,0,0,0,0,0
N1.05,N1.05,,4,6,1,0,0,0,0,0,0,0,0
N1.05,N1.05,,4,8,1,0,0,0,0,0,0,0,0
N1.05,N1.05,,4,10,1,0,0,0,0,0,0,0,0
N1.05,N1.05,,5,1,1,0,0,0,0,0,0,0,0
N1.05,N1.05,,5,3,1,0,0,0,0,0,0,0,0
N1.05,N1.05,,5,5,1,0,0,0,0,0,0,0,0
N1.05,N1.05,,5,7,1,0,0,0,0,0,0,0,0
N1.05,N1.05,,5,9,1,0,0,0,0,0,0,0,0
N1.05,N1.05,,6,2,1,0,0,0,0,0,0,0,0
N1.05,N1.05,,6,4,1,0,0,0,0,0,0,0,0
N1.05,N1.05,,6,6,1,0,0,0,0,0,0,0,0
N1.05,N1.05,,6,8,1,0,0,0,0,0,0,0,0
N1.05,N1.05,,6,10,1,0,0,0,0,0,0,0,0
N1.05,N1.05,,7,1,1,0,0,0,0,0,0,0,0
N1.05,N1.05,,7,3,1,0,0,0,0,0,0,0,0
N1.05,N1.05,,7,5,1,0,0,0,0,0,0,0,0
N1.05,N1.05,,7,7,1,0,0,0,0,0,0,0,0
N1.05,N1.05,,7,9,1,0,0,0,0,0,0,0,0
N1.05,N1.05,,8,2,1,0,0,0,0,0,0,0,0
N1.05,N1.05,,8,4,1,0,0,0,0,0,0,0,0
N1.05,N1.05,,8,6,1,0,0,0,0,0,0,0,0
N1.05,N1.05,,8,8,1,0,0,0,0,0,0,0,0
N1.05,N1.05,,8,10,1,0,0,0,0,0,0,0,0
N1.05,N1.05,,9,1,1,0,0,0,0,0,0,0,0
N1.05,N1.05,,9,3,1,0,0,0,0,0,0,0,0
N1.05,N1.05,,9,5,1,0,0,0,0,0,0,0,0
N1.05,N1.05,,9,7,1,0,0,0,0,0,0,0,0
N1.05,N1.05,,9,9,1,0,0,0,0,0,0,0,0
N1.05,N1.05,,10,2,1,0,0,0,0,0,0,0,0
N1.05,N1.05,,10,4,1,0,0,0,0,0,0,0,0
N1.05,N1.05,,10,6,1,0,0,0,0,0,0,0,0
N1.05,N1.05,,10,8,1,0,0,0,0,0,0,0,0
N1.05,N1.05,,10,10,1,0,0,0,0,0,0,0,0
N1.40,N1.40,,1,1,0,0,0,0,0,0,0,0,0
N1.40,N1.40,,1,3,0,0,0,0,0,0,0,0,0
N1.40,N1.40,,1,5,0,0,0,0,0,0,0,0,0
N1.40,N1.40,,1,7,0,0,0,0,0,0,0,0,0
N1.40,N1.40,,1,9,0,0,0,0,0,0,0,0,0
N1.40,N1.40,,2,2,0,0,0,0,0,0,0,0,0
N1.40,N1.40,,2,4,0,0,0,0,0,0,0,0,0
N1.40,N1.40,,2,6,1,0,0,0,0,0,0,0,0
N1.40,N1.40,,2,8,1,0,0,0,0,0,0,0,0
N1.40,N1.40,,2,10,0,0,0,0,0,0,0,0,0
N1.40,N1.40,,3,1,0,0,0,0,0,0,0,0,0
N1.40,N1.40,,3,3,0,0,0,0,0,0,0,0,0
N1.40,N1.40,,3,5,0,0,0,0,0,0,0,0,0
N1.40,N1.40,,3,7,0,0,0,0,0,0,0,0,0
N1.40,N1.40,,3,9,0,0,0,0,0,0,0,0,0
N1.40,N1.40,,4,2,0,0,0,0,0,0,0,0,0
N1.40,N1.40,,4,4,1,0,0,0,0,1,0,0,0
N1.40,N1.40,,4,6,0,0,0,0,0,0,0,0,0
N1.40,N1.40,,4,8,0,0,0,0,0,0,0,0,0
N1.40,N1.40,,4,10,0,0,0,0,0,0,0,0,0
N1.40,N1.40,,5,1,0,0,0,0,0,0,0,0,0
N1.40,N1.40,,5,3,0,0,0,0,0,0,0,0,0
N1.40,N1.40,,5,5,0,0,0,0,0,0,0,0,0
N1.40,N1.40,,5,7,0,0,0,0,0,0,0,0,0
N1.40,N1.40,,5,9,1,0,0,0,0,0,0,0,0
N1.40,N1.40,,6,2,0,0,0,0,0,0,0,0,0
N1.40,N1.40,,6,4,1,0,0,0,0,0,0,0,0
N1.40,N1.40,,6,6,0,0,0,0,0,0,0,0,0
N1.40,N1.40,,6,8,0,0,0,0,0,0,0,0,0
N1.40,N1.40,,6,10,0,0,0,0,0,0,0,0,0
N1.40,N1.40,,7,1,0,0,0,0,0,0,0,0,0
N1.40,N1.40,,7,3,0,0,0,0,0,0,0,0,0
N1.40,N1.40,,7,5,0,0,0,0,0,0,0,0,0
N1.40,N1.40,,7,7,0,0,0,0,0,0,0,0,0
N1.40,N1.40,,7,9,0,0,0,0,0,0,0,0,0
N1.40,N1.40,,8,2,0,0,0,0,0,0,0,0,0
N1.40,N1.40,,8,4,0,0,0,0,0,0,0,0,0
N1.40,N1.40,,8,6,0,0,0,0,0,0,0,0,0
N1.40,N1.40,,8,8,0,0,0,0,0,0,0,0,0
N1.40,N1.40,,8,10,0,0,0,0,0,0,0,0,0
N1.40,N1.40,,9,1,0,0,0,0,0,0,0,0,0
N1.40,N1.40,,9,3,0,0,0,0,0,0,0,0,0
N1.40,N1.40,,9,5,0,0,0,0,0,0,0,0,0
N1.40,N1.40,,9,7,0,0,0,0,0,0,0,0,0
N1.40,N1.40,,9,9,0,0,0,0,0,0,0,0,0
N1.40,N1.40,,10,2,1,0,0,0,0,0,0,0,0
N1.40,N1.40,,10,4,0,0,0,0,0,0,0,0,0
N1.40,N1.40,,10,6,1,0,0,0,0,0,0,0,0
N1.40,N1.40,,10,8,0,0,0,0,0,0,0,0,0
N1.40,N1.40,,10,10,0,0,0,0,0,0,0,0,0
N1.7,N1.7,,1,1,1,0,0,0,0,0,0,0,0
N1.7,N1.7,,1,3,0,0,0,0,0,0,0,0,0
N1.7,N1.7,,1,5,0,0,0,0,0,0,0,0,0
N1.7,N1.7,,1,7,0,0,0,0,0,0,0,0,0
N1.7,N1.7,,1,9,1,0,0,0,0,0,0,0,0
N1.7,N1.7,,2,2,0,0,0,0,0,0,0,0,0
N1.7,N1.7,,2,4,0,0,0,0,0,0,0,0,0
N1.7,N1.7,,2,6,0,0,0,0,0,0,0,0,0
N1.7,N1.7,,2,8,1,0,0,0,0,0,0,0,0
N1.7,N1.7,,2,10,1,0,0,0,0,0,0,0,0
N1.7,N1.7,,3,1,0,0,0,0,0,0,0,0,0
N1.7,N1.7,,3,3,0,0,0,0,0,0,0,0,0
N1.7,N1.7,,3,5,0,0,0,0,0,0,0,0,0
N1.7,N1.7,,3,7,1,0,0,0,0,0,0,0,0
N1.7,N1.7,,3,9,1,0,0,0,0,0,0,0,0
N1.7,N1.7,,4,2,1,0,0,0,0,0,0,0,0
N1.7,N1.7,,4,4,0,0,0,0,0,0,0,0,0
N1.7,N1.7,,4,6,1,0,0,0,0,0,0,0,0
N1.7,N1.7,,4,8,1,0,0,0,0,0,0,0,0
N1.7,N1.7,,4,10,1,0,0,0,0,0,0,0,0
N1.7,N1.7,,5,1,0,0,0,0,0,0,0,0,0
N1.7,N1.7,,5,3,0,0,0,0,0,0,0,0,0
N1.7,N1.7,,5,5,0,0,0,0,0,0,0,0,0
N1.7,N1.7,,5,7,1,0,0,0,0,0,0,0,0
N1.7,N1.7,,5,9,1,0,0,0,0,0,0,0,0
N1.7,N1.7,,6,2,0,0,0,0,0,0,0,0,0
N1.7,N1.7,,6,4,1,0,0,0,0,0,0,0,0
N1.7,N1.7,,6,6,0,0,0,0,0,0,0,0,0
N1.7,N1.7,,6,8,1,0,0,0,0,0,0,0,0
N1.7,N1.7,,6,10,1,0,0,0,0,0,0,0,0
N1.7,N1.7,,7,1,0,0,0,0,0,0,0,0,0
N1.7,N1.7,,7,3,1,0,0,0,0,0,0,0,0
N1.7,N1.7,,7,5,0,0,0,0,0,0,0,0,0
N1.7,N1.7,,7,7,1,0,0,0,0,0,0,0,0
N1.7,N1.7,,7,9,1,0,0,0,0,0,0,0,0
N1.7,N1.7,,8,2,1,0,0,0,0,0,0,0,0
N1.7,N1.7,,8,4,0,0,0,0,0,0,0,0,0
N1.7,N1.7,,8,6,0,0,0,0,0,0,0,0,0
N1.7,N1.7,,8,8,0,0,0,0,0,0,0,0,0
N1.7,N1.7,,8,10,1,1,0,1,0,0,0,0,0
N1.7,N1.7,,9,1,1,0,0,0,0,0,0,0,0
N1.7,N1.7,,9,3,0,0,0,0,0,0,0,0,0
N1.7,N1.7,,9,5,1,0,0,0,0,0,0,0,0
N1.7,N1.7,,9,7,1,0,0,0,0,0,0,0,0
N1.7,N1.7,,9,9,1,0,0,0,0,0,0,0,0
N1.7,N1.7,,10,2,1,0,0,0,0,0,0,0,0
N1.7,N1.7,,10,4,0,0,0,0,0,0,0,0,0
N1.7,N1.7,,10,6,1,0,0,0,0,0,0,0,0
N1.7,N1.7,,10,8,1,0,0,0,0,0,0,0,0
N1.7,N1.7,,10,10,1,0,0,0,0,0,0,0,0
N1.8,N1.8,,1,1,1,0,0,0,0,0,0,0,0
N1.8,N1.8,,1,3,0,0,0,0,0,0,0,0,0
N1.8,N1.8,,1,5,0,0,0,0,0,0,0,0,0
N1.8,N1.8,,1,7,0,0,0,0,0,0,0,0,0
N1.8,N1.8,,1,9,0,0,0,0,0,0,0,0,0
N1.8,N1.8,,2,2,0,0,0,0,0,0,0,0,0
N1.8,N1.8,,2,4,0,0,0,0,0,0,0,0,0
N1.8,N1.8,,2,6,0,0,0,0,0,0,0,0,0
N1.8,N1.8,,2,8,0,0,0,0,0,0,0,0,0
N1.8,N1.8,,2,10,1,0,0,0,0,0,0,0,0
N1.8,N1.8,,3,1,0,0,0,0,0,0,0,0,0
N1.8,N1.8,,3,3,0,0,0,0,0,0,0,0,0
N1.8,N1.8,,3,5,0,0,0,0,0,0,0,0,0
N1.8,N1.8,,3,7,0,0,0,0,0,0,0,0,0
N1.8,N1.8,,3,9,0,0,0,0,0,0,0,0,0
N1.8,N1.8,,4,2,1,1,0,0,0,0,0,0,0
N1.8,N1.8,,4,4,1,0,0,0,0,0,0,0,0
N1.8,N1.8,,4,6,0,0,0,0,0,0,0,0,0
N1.8,N1.8,,4,8,0,0,0,0,0,0,0,0,0
N1.8,N1.8,,4,10,0,0,0,0,0,0,0,0,0
N1.8,N1.8,,5,1,1,1,0,0,0,0,0,0,0
N1.8,N1.8,,5,3,0,0,0,0,0,0,0,0,0
N1.8,N1.8,,5,5,0,0,0,0,0,0,0,0,0
N1.8,N1.8,,5,7,0,0,0,0,0,0,0,0,0
N1.8,N1.8,,5,9,0,0,0,0,0,0,0,0,0
N1.8,N1.8,,6,2,1,1,0,0,0,0,0,0,0
N1.8,N1.8,,6,4,0,0,0,0,0,0,0,0,0
N1.8,N1.8,,6,6,0,0,0,0,0,0,0,0,0
N1.8,N1.8,,6,8,0,0,0,0,0,0,0,0,0
N1.8,N1.8,,6,10,1,0,0,0,0,0,0,0,0
N1.8,N1.8,,7,1,1,0,0,0,0,0,0,0,0
N1.8,N1.8,,7,3,1,1,0,0,0,0,0,0,0
N1.8,N1.8,,7,5,0,0,0,0,0,0,0,0,0
N1.8,N1.8,,7,7,0,0,0,0,0,0,0,0,0
N1.8,N1.8,,7,9,0,0,0,0,0,0,0,0,0
N1.8,N1.8,,8,2,1,0,0,0,0,0,0,0,0
N1.8,N1.8,,8,4,1,1,0,0,0,0,0,0,0
N1.8,N1.8,,8,6,0,0,0,0,0,0,0,0,0
N1.8,N1.8,,8,8,0,0,0,0,0,0,0,0,0
N1.8,N1.8,,8,10,0,0,0,0,0,0,0,0,0
N1.8,N1.8,,9,1,0,0,0,0,0,0,0,0,0
N1.8,N1.8,,9,3,1,1,0,0,0,0,0,0,0
N1.8,N1.8,,9,5,0,0,0,0,0,0,0,0,0
N1.8,N1.8,,9,7,0,0,0,0,0,0,0,0,0
N1.8,N1.8,,9,9,0,0,0,0,0,0,0,0,0
N1.8,N1.8,,10,2,0,0,0,0,0,0,0,0,0
N1.8,N1.8,,10,4,1,1,0,0,0,0,0,0,0
N1.8,N1.8,,10,6,0,0,0,0,0,0,0,0,0
N1.8,N1.8,,10,8,0,0,0,0,0,0,0,0,0
N1.8,N1.8,,10,10,0,0,0,0,0,0,0,0,0
N2.15,N2.15,,1,1,0,0,0,0,0,0,0,0,0
N2.15,N2.15,,1,3,0,0,0,0,0,0,0,0,0
N2.15,N2.15,,1,5,1,0,0,0,0,0,0,0,0
N2.15,N2.15,,1,7,1,0,0,0,0,0,0,0,0
N2.15,N2.15,,1,9,1,0,0,0,0,0,0,0,0
N2.15,N2.15,,2,2,0,0,0,0,0,0,0,0,0
N2.15,N2.15,,2,4,0,0,0,0,0,0,0,0,0
N2.15,N2.15,,2,6,1,0,0,0,0,0,0,0,0
N2.15,N2.15,,2,8,1,0,0,0,0,0,0,0,0
N2.15,N2.15,,2,10,1,0,0,0,0,0,0,0,0
N2.15,N2.15,,3,1,0,0,0,0,0,0,0,0,0
N2.15,N2.15,,3,3,0,0,0,0,0,0,0,0,0
N2.15,N2.15,,3,5,1,0,0,0,0,0,0,0,0
N2.15,N2.15,,3,7,1,0,0,0,0,0,0,0,0
N2.15,N2.15,,3,9,1,0,0,0,0,0,0,0,0
N2.15,N2.15,,4,2,0,0,0,0,0,0,0,0,0
N2.15,N2.15,,4,4,0,0,0,0,0,0,0,0,0
N2.15,N2.15,,4,6,1,0,0,0,0,0,0,0,0
N2.15,N2.15,,4,8,1,0,0,0,0,0,0,0,0
N2.15,N2.15,,4,10,1,0,0,0,0,1,0,0,0
N2.15,N2.15,,5,1,0,0,0,0,0,0,0,0,0
N2.15,N2.15,,5,3,0,0,0,0,0,0,0,0,0
N2.15,N2.15,,5,5,1,0,0,0,0,0,0,0,0
N2.15,N2.15,,5,7,1,1,0,0,0,0,0,0,0
N2.15,N2.15,,5,9,1,1,0,0,0,0,0,0,0
N2.15,N2.15,,6,2,0,0,0,0,0,0,0,0,0
N2.15,N2.15,,6,4,0,0,0,0,0,0,0,0,0
N2.15,N2.15,,6,6,1,0,0,0,0,0,0,0,0
N2.15,N2.15,,6,8,1,0,0,0,0,0,0,0,0
N2.15,N2.15,,6,10,1,0,0,0,0,0,0,0,0
N2.15,N2.15,,7,1,0,0,0,0,0,0,0,0,0
N2.15,N2.15,,7,3,0,0,0,0,0,0,0,0,0
N2.15,N2.15,,7,5,1,0,0,0,0,0,0,0,0
N2.15,N2.15,,7,7,1,0,0,0,0,0,0,0,0
N2.15,N2.15,,7,9,1,1,0,0,0,0,0,0,0
N2.15,N2.15,,8,2,0,0,0,0,0,0,0,0,0
N2.15,N2.15,,8,4,1,0,0,0,0,0,0,0,0
N2.15,N2.15,,8,6,1,0,0,0,0,0,0,0,0
N2.15,N2.15,,8,8,1,0,0,0,0,0,0,0,0
N2.15,N2.15,,8,10,1,1,0,0,0,0,0,0,0
N2.15,N2.15,,9,1,0,0,0,0,0,0,0,0,0
N2.15,N2.15,,9,3,0,0,0,0,0,0,0,0,0
N2.15,N2.15,,9,5,1,1,0,0,0,0,0,0,0
N2.15,N2.15,,9,7,1,0,0,0,0,0,0,0,0
N2.15,N2.15,,9,9,1,0,0,0,0,0,0,0,0
N2.15,N2.15,,10,2,0,0,0,0,0,0,0,0,0
N2.15,N2.15,,10,4,1,0,0,0,0,0,0,0,0
N2.15,N2.15,,10,6,1,0,0,0,0,0,0,0,0
N2.15,N2.15,,10,8,1,1,0,0,1,0,0,0,0
N2.15,N2.15,,10,10,1,0,0,0,0,0,0,0,0
N2.28,N2.28,WC.5,1,1,1,0,0,0,0,0,0,0,0
N2.28,N2.28,WC.5,1,3,0,0,0,0,0,0,0,0,0
N2.28,N2.28,WC.5,1,5,1,0,0,0,0,0,0,0,0
N2.28,N2.28,WC.5,1,7,0,0,0,0,0,0,0,0,0
N2.28,N2.28,WC.5,1,9,0,0,0,0,0,0,0,0,0
N2.28,N2.28,WC.5,2,2,0,0,0,0,0,0,0,0,0
N2.28,N2.28,WC.5,2,4,1,0,0,0,0,0,0,0,0
N2.28,N2.28,WC.5,2,6,1,0,0,0,0,0,0,0,0
N2.28,N2.28,WC.5,2,8,0,0,0,0,0,0,0,0,0
N2.28,N2.28,WC.5,2,10,0,0,0,0,0,0,0,0,0
N2.28,N2.28,WC.5,3,1,1,0,0,0,0,0,0,0,0
N2.28,N2.28,WC.5,3,3,1,0,0,0,0,0,0,0,0
N2.28,N2.28,WC.5,3,5,1,0,0,0,0,0,0,0,0
N2.28,N2.28,WC.5,3,7,0,0,0,0,0,0,0,0,0
N2.28,N2.28,WC.5,3,9,1,0,0,0,0,0,0,0,0
N2.28,N2.28,WC.5,4,2,1,0,0,0,0,0,0,0,0
N2.28,N2.28,WC.5,4,4,1,0,0,0,0,0,0,0,0
N2.28,N2.28,WC.5,4,6,1,0,0,0,0,0,0,0,0
N2.28,N2.28,WC.5,4,8,0,0,0,0,0,0,0,0,0
N2.28,N2.28,WC.5,4,10,0,0,0,0,0,0,0,0,0
N2.28,N2.28,WC.5,5,1,0,0,0,0,0,0,0,0,0
N2.28,N2.28,WC.5,5,3,0,0,0,0,0,0,0,0,0
N2.28,N2.28,WC.5,5,5,0,0,0,0,0,0,0,0,0
N2.28,N2.28,WC.5,5,7,0,0,0,0,0,0,0,0,0
N2.28,N2.28,WC.5,5,9,1,0,0,0,0,0,0,0,0
N2.28,N2.28,WC.5,6,2,1,0,0,0,0,0,0,0,0
N2.28,N2.28,WC.5,6,4,1,1,0,0,0,0,0,0,0
N2.28,N2.28,WC.5,6,6,1,0,0,0,0,0,0,0,0
N2.28,N2.28,WC.5,6,8,0,0,0,0,0,0,0,0,0
N2.28,N2.28,WC.5,6,10,0,0,0,0,0,0,0,0,0
N2.28,N2.28,WC.5,7,1,0,0,0,0,0,0,0,0,0
N2.28,N2.28,WC.5,7,3,0,0,0,0,0,0,0,0,0
N2.28,N2.28,WC.5,7,5,1,0,0,0,0,0,0,0,0
N2.28,N2.28,WC.5,7,7,1,0,0,0,0,0,0,0,0
N2.28,N2.28,WC.5,7,9,0,0,0,0,0,0,0,0,0
N2.28,N2.28,WC.5,8,2,1,0,0,0,0,0,0,0,0
N2.28,N2.28,WC.5,8,4,1,0,0,0,0,0,0,0,0
N2.28,N2.28,WC.5,8,6,1,0,0,0,0,0,0,0,0
N2.28,N2.28,WC.5,8,8,0,0,0,0,0,0,0,0,0
N2.28,N2.28,WC.5,8,10,1,0,0,0,0,0,0,0,0
N2.28,N2.28,WC.5,9,1,0,0,0,0,0,0,0,0,0
N2.28,N2.28,WC.5,9,3,0,0,0,0,0,0,0,0,0
N2.28,N2.28,WC.5,9,5,0,0,0,0,0,0,0,0,0
N2.28,N2.28,WC.5,9,7,1,0,0,0,0,0,0,0,0
N2.28,N2.28,WC.5,9,9,0,0,0,0,0,0,0,0,0
N2.28,N2.28,WC.5,10,2,1,1,0,0,0,0,0,0,0
N2.28,N2.28,WC.5,10,4,0,0,0,0,0,0,0,0,0
N2.28,N2.28,WC.5,10,6,1,0,0,0,0,0,0,0,0
N2.28,N2.28,WC.5,10,8,0,0,0,0,0,0,0,0,0
N2.28,N2.28,WC.5,10,10,0,0,0,0,0,0,0,0,0
N2.3,N2.3,,1,1,0,0,0,0,0,0,0,0,0
N2.3,N2.3,,1,3,0,0,0,0,0,0,0,0,0
N2.3,N2.3,,1,5,0,0,0,0,0,0,0,0,0
N2.3,N2.3,,1,7,1,1,0,0,0,0,0,0,0
N2.3,N2.3,,1,9,1,1,0,0,0,0,0,0,0
N2.3,N2.3,,2,2,0,0,0,0,0,0,0,0,0
N2.3,N2.3,,2,4,0,0,0,0,0,0,0,0,0
N2.3,N2.3,,2,6,1,0,0,0,0,0,0,0,0
N2.3,N2.3,,2,8,1,1,0,0,0,0,0,0,0
N2.3,N2.3,,2,10,1,0,0,0,0,0,0,0,0
N2.3,N2.3,,3,1,0,0,0,0,0,0,0,0,0
N2.3,N2.3,,3,3,1,0,0,0,0,0,0,0,0
N2.3,N2.3,,3,5,0,0,0,0,0,0,0,0,0
N2.3,N2.3,,3,7,0,0,0,0,0,0,0,0,0
N2.3,N2.3,,3,9,1,0,0,0,0,0,0,0,0
N2.3,N2.3,,4,2,1,0,0,0,0,0,0,0,0
N2.3,N2.3,,4,4,0,0,0,0,0,0,0,0,0
N2.3,N2.3,,4,6,0,0,0,0,0,0,0,0,0
N2.3,N2.3,,4,8,0,0,0,0,0,0,0,0,0
N2.3,N2.3,,4,10,1,1,0,0,0,0,0,0,0
N2.3,N2.3,,5,1,0,0,0,0,0,0,0,0,0
N2.3,N2.3,,5,3,0,0,0,0,0,0,0,0,0
N2.3,N2.3,,5,5,0,0,0,0,0,0,0,0,0
N2.3,N2.3,,5,7,0,0,0,0,0,0,0,0,0
N2.3,N2.3,,5,9,1,0,0,0,0,0,0,0,0
N2.3,N2.3,,6,2,1,0,0,0,0,0,0,0,0
N2.3,N2.3,,6,4,0,0,0,0,0,0,0,0,0
N2.3,N2.3,,6,6,0,0,0,0,0,0,0,0,0
N2.3,N2.3,,6,8,0,0,0,0,0,0,0,0,0
N2.3,N2.3,,6,10,1,0,0,0,0,0,0,0,0
N2.3,N2.3,,7,1,0,0,0,0,0,0,0,0,0
N2.3,N2.3,,7,3,1,0,0,0,0,0,0,0,0
N2.3,N2.3,,7,5,0,0,0,0,0,0,0,0,0
N2.3,N2.3,,7,7,0,0,0,0,0,0,0,0,0
N2.3,N2.3,,7,9,1,0,0,0,0,0,0,0,0
N2.3,N2.3,,8,2,1,0,0,0,0,0,0,0,0
N2.3,N2.3,,8,4,1,0,0,0,0,0,0,0,0
N2.3,N2.3,,8,6,1,0,0,0,0,0,0,0,0
N2.3,N2.3,,8,8,1,1,0,0,0,0,0,0,0
N2.3,N2.3,,8,10,0,0,0,0,0,0,0,0,0
N2.3,N2.3,,9,1,1,0,0,0,0,0,0,0,0
N2.3,N2.3,,9,3,1,0,0,0,0,0,0,0,0
N2.3,N2.3,,9,5,0,0,0,0,0,0,0,0,0
N2.3,N2.3,,9,7,0,0,0,0,0,0,0,0,0
N2.3,N2.3,,9,9,1,1,0,0,0,0,0,0,0
N2.3,N2.3,,10,2,1,0,0,0,0,0,0,0,0
N2.3,N2.3,,10,4,0,0,0,0,0,0,0,0,0
N2.3,N2.3,,10,6,1,0,0,0,0,0,0,0,0
N2.3,N2.3,,10,8,0,0,0,0,0,0,0,0,0
N2.3,N2.3,,10,10,1,0,0,0,0,0,0,0,0
N2.31,N2.31,WC.5,1,1,1,0,0,0,0,0,0,0,0
N2.31,N2.31,WC.5,1,3,1,0,0,0,0,0,0,0,0
N2.31,N2.31,WC.5,1,5,1,0,0,0,0,0,0,0,0
N2.31,N2.31,WC.5,1,7,1,0,0,0,0,0,0,0,0
N2.31,N2.31,WC.5,1,9,1,0,0,0,0,0,0,0,0
N2.31,N2.31,WC.5,2,2,1,0,0,0,0,0,0,0,0
N2.31,N2.31,WC.5,2,4,1,0,0,0,0,0,0,0,0
N2.31,N2.31,WC.5,2,6,1,1,0,0,0,0,0,0,0
N2.31,N2.31,WC.5,2,8,1,1,1,0,0,0,0,0,0
N2.31,N2.31,WC.5,2,10,1,0,1,0,0,0,0,0,0
N2.31,N2.31,WC.5,3,1,1,0,0,0,0,0,0,0,0
N2.31,N2.31,WC.5,3,3,1,0,0,0,0,0,0,0,0
N2.31,N2.31,WC.5,3,5,1,0,1,0,0,0,0,0,0
N2.31,N2.31,WC.5,3,7,1,1,1,0,0,0,0,0,0
N2.31,N2.31,WC.5,3,9,1,0,0,0,0,0,0,0,0
N2.31,N2.31,WC.5,4,2,1,0,0,0,0,0,0,0,0
N2.31,N2.31,WC.5,4,4,1,0,0,0,0,0,0,0,0
N2.31,N2.31,WC.5,4,6,1,0,0,0,0,0,0,0,0
N2.31,N2.31,WC.5,4,8,1,0,0,0,0,0,0,0,0
N2.31,N2.31,WC.5,4,10,1,0,0,0,0,0,0,0,0
N2.31,N2.31,WC.5,5,1,1,1,0,0,0,0,0,0,0
N2.31,N2.31,WC.5,5,3,1,0,0,0,0,0,0,0,0
N2.31,N2.31,WC.5,5,5,1,0,1,0,0,0,0,0,0
N2.31,N2.31,WC.5,5,7,1,1,1,0,0,0,0,0,0
N2.31,N2.31,WC.5,5,9,1,0,0,0,0,0,0,0,0
N2.31,N2.31,WC.5,6,2,1,1,1,0,0,0,0,0,0
N2.31,N2.31,WC.5,6,4,1,0,0,0,0,0,0,0,0
N2.31,N2.31,WC.5,6,6,1,0,0,0,0,0,0,0,0
N2.31,N2.31,WC.5,6,8,1,1,1,0,0,0,0,0,0
N2.31,N2.31,WC.5,6,10,0,0,0,0,0,0,0,0,0
N2.31,N2.31,WC.5,7,1,1,0,0,0,0,0,0,0,0
N2.31,N2.31,WC.5,7,3,1,1,0,0,0,0,0,0,0
N2.31,N2.31,WC.5,7,5,1,1,0,0,0,0,0,0,0
N2.31,N2.31,WC.5,7,7,1,0,0,0,0,0,0,0,0
N2.31,N2.31,WC.5,7,9,1,1,0,0,0,0,0,0,0
N2.31,N2.31,WC.5,8,2,1,0,0,0,0,0,0,0,0
N2.31,N2.31,WC.5,8,4,1,1,1,0,0,0,0,0,0
N2.31,N2.31,WC.5,8,6,1,0,0,0,0,0,0,0,0
N2.31,N2.31,WC.5,8,8,1,1,1,0,0,0,0,0,0
N2.31,N2.31,WC.5,8,10,1,0,0,0,0,0,0,0,0
N2.31,N2.31,WC.5,9,1,0,0,0,0,0,0,0,0,0
N2.31,N2.31,WC.5,9,3,1,0,0,0,0,0,0,0,0
N2.31,N2.31,WC.5,9,5,1,0,1,0,0,0,0,0,0
N2.31,N2.31,WC.5,9,7,1,0,0,0,0,0,0,0,0
N2.31,N2.31,WC.5,9,9,1,1,1,0,0,0,0,0,0
N2.31,N2.31,WC.5,10,2,1,0,0,0,0,0,0,0,0
N2.31,N2.31,WC.5,10,4,1,1,0,0,0,0,0,0,0
N2.31,N2.31,WC.5,10,6,1,0,0,0,0,0,0,0,0
N2.31,N2.31,WC.5,10,8,1,0,0,0,0,0,0,0,0
N2.31,N2.31,WC.5,10,10,1,0,0,0,0,0,0,0,0
N2.44,N2.44,,1,1,1,0,0,0,0,1,0,0,0
N2.44,N2.44,,1,3,1,0,0,0,0,0,0,0,0
N2.44,N2.44,,1,5,1,0,0,0,0,0,0,0,0
N2.44,N2.44,,1,7,0,0,0,0,0,0,0,0,0
N2.44,N2.44,,1,9,0,0,0,0,0,0,0,0,0
N2.44,N2.44,,2,2,1,0,0,0,0,0,0,0,0
N2.44,N2.44,,2,4,1,0,0,0,0,0,0,0,0
N2.44,N2.44,,2,6,1,0,0,0,0,0,0,0,0
N2.44,N2.44,,2,8,0,0,0,0,0,0,0,0,0
N2.44,N2.44,,2,10,0,0,0,0,0,0,0,0,0
N2.44,N2.44,,3,1,1,0,0,0,0,0,0,0,0
N2.44,N2.44,,3,3,1,0,0,0,0,0,0,0,0
N2.44,N2.44,,3,5,1,0,0,0,0,0,0,0,0
N2.44,N2.44,,3,7,0,0,0,0,0,0,0,0,0
N2.44,N2.44,,3,9,0,0,0,0,0,0,0,0,0
N2.44,N2.44,,4,2,1,0,0,0,0,1,0,0,0
N2.44,N2.44,,4,4,1,0,0,0,0,0,0,0,0
N2.44,N2.44,,4,6,1,0,0,0,0,0,0,0,0
N2.44,N2.44,,4,8,1,0,0,0,0,0,0,0,0
N2.44,N2.44,,4,10,0,0,0,0,0,0,0,0,0
N2.44,N2.44,,5,1,1,0,0,0,0,1,0,0,0
N2.44,N2.44,,5,3,1,0,0,0,0,0,0,0,0
N2.44,N2.44,,5,5,1,0,0,0,0,0,0,0,0
N2.44,N2.44,,5,7,1,0,0,0,0,0,0,0,0
N2.44,N2.44,,5,9,1,0,0,0,0,0,0,0,0
N2.44,N2.44,,6,2,1,0,0,0,0,0,0,0,0
N2.44,N2.44,,6,4,1,0,0,0,0,1,0,0,0
N2.44,N2.44,,6,6,1,0,0,0,0,0,0,0,0
N2.44,N2.44,,6,8,1,0,0,0,0,0,0,0,0
N2.44,N2.44,,6,10,1,0,0,0,0,0,0,0,0
N2.44,N2.44,,7,1,1,0,0,0,0,1,0,0,0
N2.44,N2.44,,7,3,1,0,0,0,0,1,1,0,0
N2.44,N2.44,,7,5,1,0,0,0,0,0,0,0,0
N2.44,N2.44,,7,7,1,0,0,0,0,0,0,0,0
N2.44,N2.44,,7,9,1,0,0,0,0,0,0,0,0
N2.44,N2.44,,8,2,1,0,0,0,0,1,0,0,0
N2.44,N2.44,,8,4,1,1,0,0,0,0,0,0,0
N2.44,N2.44,,8,6,1,0,0,0,0,0,0,0,0
N2.44,N2.44,,8,8,1,0,0,0,0,0,0,0,0
N2.44,N2.44,,8,10,0,0,0,0,0,0,0,0,0
N2.44,N2.44,,9,1,1,0,0,0,0,0,0,0,0
N2.44,N2.44,,9,3,1,1,0,0,0,1,0,0,0
N2.44,N2.44,,9,5,1,0,0,0,0,1,0,0,0
N2.44,N2.44,,9,7,1,0,0,0,0,0,0,0,0
N2.44,N2.44,,9,9,0,0,0,0,0,0,0,0,0
N2.44,N2.44,,10,2,1,1,0,0,0,0,0,0,0
N2.44,N2.44,,10,4,1,0,0,0,0,0,0,0,0
N2.44,N2.44,,10,6,1,0,0,0,0,0,0,0,0
N2.44,N2.44,,10,8,1,0,0,0,0,0,0,0,0
N2.44,N2.44,,10,10,0,0,0,0,0,0,0,0,0
N3.13,N3.13,,1,1,0,0,0,0,0,0,0,0,0
N3.13,N3.13,,1,3,1,0,0,0,0,0,0,0,0
N3.13,N3.13,,1,5,1,0,0,0,0,0,0,0,0
N3.13,N3.13,,1,7,1,0,0,0,0,0,0,0,0
N3.13,N3.13,,1,9,1,0,0,0,0,0,0,0,0
N3.13,N3.13,,2,2,0,0,0,0,0,0,0,0,0
N3.13,N3.13,,2,4,1,0,0,0,0,0,0,0,0
N3.13,N3.13,,2,6,1,0,0,0,0,0,0,0,0
N3.13,N3.13,,2,8,1,0,0,0,0,0,0,0,0
N3.13,N3.13,,2,10,0,0,0,0,0,0,0,0,0
N3.13,N3.13,,3,1,0,0,0,0,0,0,0,0,0
N3.13,N3.13,,3,3,1,0,0,0,0,0,0,0,0
N3.13,N3.13,,3,5,1,1,1,0,0,0,0,0,0
N3.13,N3.13,,3,7,1,0,0,0,0,0,0,0,0
N3.13,N3.13,,3,9,1,0,0,0,0,0,0,0,0
N3.13,N3.13,,4,2,1,0,0,0,0,0,0,0,0
N3.13,N3.13,,4,4,1,0,0,0,0,0,0,0,0
N3.13,N3.13,,4,6,1,0,0,0,0,0,0,0,0
N3.13,N3.13,,4,8,1,0,0,0,0,0,0,0,0
N3.13,N3.13,,4,10,1,0,0,0,0,0,0,0,0
N3.13,N3.13,,5,1,1,0,0,0,0,0,0,0,0
N3.13,N3.13,,5,3,1,0,0,1,0,0,0,0,0
N3.13,N3.13,,5,5,1,0,0,0,0,0,0,0,0
N3.13,N3.13,,5,7,0,0,0,0,0,0,0,0,0
N3.13,N3.13,,5,9,1,0,0,0,0,0,0,0,0
N3.13,N3.13,,6,2,1,0,0,0,0,0,0,0,0
N3.13,N3.13,,6,4,1,0,0,0,0,0,0,0,0
N3.13,N3.13,,6,6,0,0,0,0,0,0,0,0,0
N3.13,N3.13,,6,8,0,0,0,0,0,0,0,0,0
N3.13,N3.13,,6,10,0,0,0,0,0,0,0,0,0
N3.13,N3.13,,7,1,1,0,0,0,0,0,0,0,0
N3.13,N3.13,,7,3,1,0,0,0,0,0,0,0,0
N3.13,N3.13,,7,5,1,0,0,0,0,0,0,0,0
N3.13,N3.13,,7,7,1,0,0,0,0,0,0,0,0
N3.13,N3.13,,7,9,1,0,0,0,0,0,0,0,0
N3.13,N3.13,,8,2,1,0,0,0,0,0,0,0,0
N3.13,N3.13,,8,4,0,0,0,0,0,0,0,0,0
N3.13,N3.13,,8,6,0,0,0,0,0,0,0,0,0
N3.13,N3.13,,8,8,0,0,0,0,0,0,0,0,0
N3.13,N3.13,,8,10,1,0,0,0,0,1,0,0,0
N3.13,N3.13,,9,1,0,0,0,0,0,0,0,0,0
N3.13,N3.13,,9,3,0,0,0,0,0,0,0,0,0
N3.13,N3.13,,9,5,0,0,0,0,0,0,0,0,0
N3.13,N3.13,,9,7,0,0,0,0,0,0,0,0,0
N3.13,N3.13,,9,9,1,0,0,0,0,0,0,0,0
N3.13,N3.13,,10,2,1,0,0,0,0,0,0,0,0
N3.13,N3.13,,10,4,0,0,0,0,0,0,0,0,0
N3.13,N3.13,,10,6,0,0,0,0,0,0,0,0,0
N3.13,N3.13,,10,8,0,0,0,0,0,0,0,0,0
N3.13,N3.13,,10,10,1,0,0,0,0,0,0,0,0
N4.12,N4.12,WC.5,1,1,1,1,0,0,0,0,0,0,0
N4.12,N4.12,WC.5,1,3,1,0,0,0,0,0,0,0,0
N4.12,N4.12,WC.5,1,5,1,0,0,0,0,0,0,0,0
N4.12,N4.12,WC.5,1,7,1,0,0,0,0,0,0,0,0
N4.12,N4.12,WC.5,1,9,1,0,0,0,0,0,0,0,0
N4.12,N4.12,WC.5,2,2,1,0,0,0,0,0,0,0,0
N4.12,N4.12,WC.5,2,4,1,0,0,0,0,0,0,0,0
N4.12,N4.12,WC.5,2,6,1,0,0,0,0,0,0,0,0
N4.12,N4.12,WC.5,2,8,0,0,0,0,0,0,0,0,0
N4.12,N4.12,WC.5,2,10,1,0,0,0,0,0,0,0,0
N4.12,N4.12,WC.5,3,1,1,0,0,0,0,0,0,0,0
N4.12,N4.12,WC.5,3,3,1,0,0,0,0,0,0,0,0
N4.12,N4.12,WC.5,3,5,1,1,0,0,0,0,0,0,0
N4.12,N4.12,WC.5,3,7,1,0,0,0,0,0,0,0,0
N4.12,N4.12,WC.5,3,9,1,0,0,0,0,0,0,0,0
N4.12,N4.12,WC.5,4,2,1,0,0,0,0,0,0,0,0
N4.12,N4.12,WC.5,4,4,1,0,0,0,0,0,0,0,0
N4.12,N4.12,WC.5,4,6,1,0,0,0,0,0,0,0,0
N4.12,N4.12,WC.5,4,8,1,0,0,0,0,0,0,0,0
N4.12,N4.12,WC.5,4,10,0,0,0,0,0,0,0,0,0
N4.12,N4.12,WC.5,5,1,1,0,0,0,0,0,0,0,0
N4.12,N4.12,WC.5,5,3,1,0,0,0,0,0,0,0,0
N4.12,N4.12,WC.5,5,5,1,1,0,0,0,0,0,0,0
N4.12,N4.12,WC.5,5,7,1,0,0,0,0,0,0,0,0
N4.12,N4.12,WC.5,5,9,1,0,0,0,0,0,0,0,0
N4.12,N4.12,WC.5,6,2,1,1,0,0,0,0,0,0,0
N4.12,N4.12,WC.5,6,4,1,0,0,0,0,0,0,0,0
N4.12,N4.12,WC.5,6,6,1,0,0,0,0,0,0,0,0
N4.12,N4.12,WC.5,6,8,0,0,0,0,0,0,0,0,0
N4.12,N4.12,WC.5,6,10,0,0,0,0,0,0,0,0,0
N4.12,N4.12,WC.5,7,1,1,0,0,0,0,0,0,0,0
N4.12,N4.12,WC.5,7,3,1,0,0,0,0,0,0,0,0
N4.12,N4.12,WC.5,7,5,1,1,0,0,0,0,0,0,0
N4.12,N4.12,WC.5,7,7,0,0,0,0,0,0,0,0,0
N4.12,N4.12,WC.5,7,9,1,0,0,0,0,0,0,0,0
N4.12,N4.12,WC.5,8,2,1,0,0,0,0,0,0,0,0
N4.12,N4.12,WC.5,8,4,1,0,0,0,0,0,0,0,0
N4.12,N4.12,WC.5,8,6,1,0,0,0,0,0,0,0,0
N4.12,N4.12,WC.5,8,8,0,0,0,0,0,0,0,0,0
N4.12,N4.12,WC.5,8,10,0,0,0,0,0,0,0,0,0
N4.12,N4.12,WC.5,9,1,1,0,0,0,0,0,0,0,0
N4.12,N4.12,WC.5,9,3,1,0,0,0,0,0,0,0,0
N4.12,N4.12,WC.5,9,5,1,0,0,0,0,0,0,0,0
N4.12,N4.12,WC.5,9,7,1,0,0,0,0,0,0,0,0
N4.12,N4.12,WC.5,9,9,1,0,0,0,0,0,0,0,0
N4.12,N4.12,WC.5,10,2,0,0,0,0,0,0,0,0,0
N4.12,N4.12,WC.5,10,4,1,0,0,0,0,0,0,0,0
N4.12,N4.12,WC.5,10,6,1,0,0,0,0,0,0,0,0
N4.12,N4.12,WC.5,10,8,0,0,0,0,0,0,0,0,0
N4.12,N4.12,WC.5,10,10,0,0,0,0,0,0,0,0,0
N4.16,N4.16,H10,1,1,0,0,0,0,0,0,0,0,0
N4.16,N4.16,H10,1,3,1,0,0,0,0,0,0,0,0
N4.16,N4.16,H10,1,5,1,0,0,0,0,0,0,0,0
N4.16,N4.16,H10,1,7,1,0,0,0,0,0,0,0,0
N4.16,N4.16,H10,1,9,1,0,0,0,0,0,1,0,0
N4.16,N4.16,H10,2,2,0,0,0,0,0,0,0,0,0
N4.16,N4.16,H10,2,4,1,0,0,0,0,0,0,0,0
N4.16,N4.16,H10,2,6,1,0,0,0,0,0,0,0,0
N4.16,N4.16,H10,2,8,1,0,0,0,0,0,0,0,0
N4.16,N4.16,H10,2,10,1,1,0,0,0,0,0,0,0
N4.16,N4.16,H10,3,1,0,0,0,0,0,0,0,0,0
N4.16,N4.16,H10,3,3,1,0,0,0,0,0,0,0,0
N4.16,N4.16,H10,3,5,1,0,0,0,0,0,0,0,0
N4.16,N4.16,H10,3,7,1,0,0,0,0,0,0,0,0
N4.16,N4.16,H10,3,9,1,0,0,0,0,0,0,0,0
N4.16,N4.16,H10,4,2,1,0,0,0,0,0,0,0,0
N4.16,N4.16,H10,4,4,1,0,0,0,0,0,0,0,0
N4.16,N4.16,H10,4,6,1,0,0,1,0,0,0,0,0
N4.16,N4.16,H10,4,8,1,0,0,0,0,0,0,0,0
N4.16,N4.16,H10,4,10,1,0,0,0,0,0,0,0,0
N4.16,N4.16,H10,5,1,1,0,0,0,0,0,0,0,0
N4.16,N4.16,H10,5,3,1,0,0,0,0,0,0,0,0
N4.16,N4.16,H10,5,5,1,0,0,0,0,0,0,0,0
N4.16,N4.16,H10,5,7,1,0,0,0,0,0,0,0,0
N4.16,N4.16,H10,5,9,1,0,0,0,0,0,0,0,0
N4.16,N4.16,H10,6,2,1,0,0,0,0,0,0,0,0
N4.16,N4.16,H10,6,4,1,0,0,0,0,0,0,0,0
N4.16,N4.16,H10,6,6,1,0,0,0,0,0,0,0,0
N4.16,N4.16,H10,6,8,1,0,0,0,0,1,0,0,0
N4.16,N4.16,H10,6,10,1,0,0,0,0,0,0,0,0
N4.16,N4.16,H10,7,1,1,0,0,0,0,0,0,0,0
N4.16,N4.16,H10,7,3,1,0,0,0,0,0,0,0,0
N4.16,N4.16,H10,7,5,1,0,0,0,0,0,0,0,0
N4.16,N4.16,H10,7,7,1,0,0,0,0,0,0,0,0
N4.16,N4.16,H10,7,9,1,0,0,0,0,0,0,0,0
N4.16,N4.16,H10,8,2,1,0,0,0,0,0,0,0,0
N4.16,N4.16,H10,8,4,1,0,0,0,0,0,0,0,0
N4.16,N4.16,H10,8,6,1,0,0,0,0,0,0,0,0
N4.16,N4.16,H10,8,8,1,0,0,0,0,0,0,0,0
N4.16,N4.16,H10,8,10,1,0,0,0,0,0,0,0,0
N4.16,N4.16,H10,9,1,1,0,0,0,0,0,0,0,0
N4.16,N4.16,H10,9,3,1,0,0,0,0,0,0,0,0
N4.16,N4.16,H10,9,5,1,0,0,0,0,0,0,0,0
N4.16,N4.16,H10,9,7,1,1,0,0,0,0,0,0,0
N4.16,N4.16,H10,9,9,1,0,0,0,0,0,0,0,0
N4.16,N4.16,H10,10,2,1,0,0,0,0,0,0,0,0
N4.16,N4.16,H10,10,4,1,0,0,0,0,0,0,0,0
N4.16,N4.16,H10,10,6,1,0,0,0,0,0,0,0,0
N4.16,N4.16,H10,10,8,1,0,0,0,0,0,0,0,0
N4.16,N4.16,H10,10,10,1,0,0,0,0,0,0,0,0
N5.05,N5.05,,1,1,1,0,0,0,0,0,0,0,0
N5.05,N5.05,,1,3,0,0,0,0,0,0,0,0,0
N5.05,N5.05,,1,5,0,0,0,0,0,0,0,0,0
N5.05,N5.05,,1,7,0,0,0,0,0,0,0,0,0
N5.05,N5.05,,1,9,0,0,0,0,0,0,0,0,0
N5.05,N5.05,,2,2,0,0,0,0,0,0,0,0,0
N5.05,N5.05,,2,4,0,0,0,0,0,0,0,0,0
N5.05,N5.05,,2,6,0,0,0,0,0,0,0,0,0
N5.05,N5.05,,2,8,0,0,0,0,0,0,0,0,0
N5.05,N5.05,,2,10,0,0,0,0,0,0,0,0,0
N5.05,N5.05,,3,1,0,0,0,0,0,0,0,0,0
N5.05,N5.05,,3,3,0,0,0,0,0,0,0,0,0
N5.05,N5.05,,3,5,0,0,0,0,0,0,0,0,0
N5.05,N5.05,,3,7,0,0,0,0,0,0,0,0,0
N5.05,N5.05,,3,9,1,0,0,0,0,0,0,0,0
N5.05,N5.05,,4,2,0,0,0,0,0,0,0,0,0
N5.05,N5.05,,4,4,0,0,0,0,0,0,0,0,0
N5.05,N5.05,,4,6,0,0,0,0,0,0,0,0,0
N5.05,N5.05,,4,8,0,0,0,0,0,0,0,0,0
N5.05,N5.05,,4,10,0,0,0,0,0,0,0,0,0
N5.05,N5.05,,5,1,0,0,0,0,0,0,0,0,0
N5.05,N5.05,,5,3,0,0,0,0,0,0,0,0,0
N5.05,N5.05,,5,5,1,0,0,0,0,0,0,0,0
N5.05,N5.05,,5,7,1,0,0,0,0,0,0,0,0
N5.05,N5.05,,5,9,0,0,0,0,0,0,0,0,0
N5.05,N5.05,,6,2,0,0,0,0,0,0,0,0,0
N5.05,N5.05,,6,4,1,0,0,0,0,0,0,0,0
N5.05,N5.05,,6,6,1,0,0,0,0,0,0,0,0
N5.05,N5.05,,6,8,0,0,0,0,0,0,0,0,0
N5.05,N5.05,,6,10,1,0,0,0,0,0,0,0,0
N5.05,N5.05,,7,1,0,0,0,0,0,0,0,0,0
N5.05,N5.05,,7,3,1,0,0,0,0,0,0,0,0
N5.05,N5.05,,7,5,1,0,0,0,0,0,0,0,0
N5.05,N5.05,,7,7,0,0,0,0,0,0,0,0,0
N5.05,N5.05,,7,9,0,0,0,0,0,0,0,0,0
N5.05,N5.05,,8,2,0,0,0,0,0,0,0,0,0
N5.05,N5.05,,8,4,1,0,0,0,0,0,0,0,0
N5.05,N5.05,,8,6,1,0,0,0,0,0,0,0,0
N5.05,N5.05,,8,8,0,0,0,0,0,0,0,0,0
N5.05,N5.05,,8,10,0,0,0,0,0,0,0,0,0
N5.05,N5.05,,9,1,1,0,0,0,0,0,0,0,0
N5.05,N5.05,,9,3,1,0,0,0,0,0,0,0,0
N5.05,N5.05,,9,5,1,1,0,0,0,0,0,0,0
N5.05,N5.05,,9,7,0,0,0,0,0,0,0,0,0
N5.05,N5.05,,9,9,1,0,0,0,0,0,0,0,0
N5.05,N5.05,,10,2,1,0,0,0,0,0,0,0,0
N5.05,N5.05,,10,4,1,1,0,0,0,0,0,0,0
N5.05,N5.05,,10,6,1,1,0,0,0,0,0,0,0
N5.05,N5.05,,10,8,0,0,0,0,0,0,0,0,0
N5.05,N5.05,,10,10,1,0,0,0,0,0,0,0,0
N5.12,N5.12,,1,1,1,0,0,0,0,0,0,0,0
N5.12,N5.12,,1,3,1,0,0,0,0,0,0,0,0
N5.12,N5.12,,1,5,1,0,0,0,0,0,0,0,0
N5.12,N5.12,,1,7,1,1,0,0,0,1,0,0,0
N5.12,N5.12,,1,9,1,0,0,0,0,0,0,0,0
N5.12,N5.12,,2,2,1,0,0,0,0,0,0,0,0
N5.12,N5.12,,2,4,1,0,0,0,0,0,0,0,0
N5.12,N5.12,,2,6,1,1,0,0,0,1,0,0,0
N5.12,N5.12,,2,8,1,0,0,0,0,1,0,0,0
N5.12,N5.12,,2,10,1,1,0,0,0,0,1,0,0
N5.12,N5.12,,3,1,1,0,0,0,0,0,0,0,0
N5.12,N5.12,,3,3,1,0,0,0,0,0,0,0,0
N5.12,N5.12,,3,5,1,0,0,0,0,0,0,0,0
N5.12,N5.12,,3,7,1,1,0,0,0,0,0,0,0
N5.12,N5.12,,3,9,1,1,0,0,0,1,0,0,0
N5.12,N5.12,,4,2,1,0,0,0,0,0,0,0,0
N5.12,N5.12,,4,4,1,1,0,0,0,0,0,0,0
N5.12,N5.12,,4,6,1,0,0,0,0,0,0,0,0
N5.12,N5.12,,4,8,1,0,0,0,0,0,0,0,0
N5.12,N5.12,,4,10,1,0,0,0,0,0,0,0,0
N5.12,N5.12,,5,1,1,0,0,0,0,0,0,0,0
N5.12,N5.12,,5,3,1,0,0,0,0,0,0,0,0
N5.12,N5.12,,5,5,1,1,0,0,0,0,0,0,0
N5.12,N5.12,,5,7,1,1,0,0,0,0,0,0,0
N5.12,N5.12,,5,9,1,0,0,0,0,0,0,0,0
N5.12,N5.12,,6,2,1,0,0,0,0,0,0,0,0
N5.12,N5.12,,6,4,1,0,0,0,0,0,0,0,0
N5.12,N5.12,,6,6,1,0,0,0,0,0,0,0,0
N5.12,N5.12,,6,8,1,1,0,0,0,0,1,0,0
N5.12,N5.12,,6,10,1,0,0,0,0,0,0,0,0
N5.12,N5.12,,7,1,1,0,0,0,0,0,0,0,0
N5.12,N5.12,,7,3,1,0,0,0,0,0,0,0,0
N5.12,N5.12,,7,5,1,0,0,0,0,0,0,0,0
N5.12,N5.12,,7,7,1,1,0,0,0,0,0,0,0
N5.12,N5.12,,7,9,1,0,0,0,0,0,1,0,0
N5.12,N5.12,,8,2,1,0,0,0,0,0,0,0,0
N5.12,N5.12,,8,4,1,0,0,0,0,0,0,0,0
N5.12,N5.12,,8,6,1,1,0,0,0,0,0,0,0
N5.12,N5.12,,8,8,1,1,0,0,0,0,0,0,0
N5.12,N5.12,,8,10,1,0,0,0,0,0,0,0,0
N5.12,N5.12,,9,1,1,0,0,0,0,0,0,0,0
N5.12,N5.12,,9,3,1,0,0,0,0,0,0,0,0
N5.12,N5.12,,9,5,1,0,0,0,0,0,0,0,0
N5.12,N5.12,,9,7,1,1,0,0,0,0,0,0,0
N5.12,N5.12,,9,9,1,0,0,0,0,0,0,0,0
N5.12,N5.12,,10,2,1,0,0,0,0,0,0,0,0
N5.12,N5.12,,10,4,1,0,0,0,0,0,0,0,0
N5.12,N5.12,,10,6,1,1,0,0,0,0,0,0,0
N5.12,N5.12,,10,8,1,0,0,0,0,1,0,0,0
N5.12,N5.12,,10,10,1,1,0,0,0,0,1,0,0
N5.13,N5.13,,1,1,0,0,0,0,0,0,0,0,0
N5.13,N5.13,,1,3,0,0,0,0,0,0,0,0,0
N5.13,N5.13,,1,5,0,0,0,0,0,0,0,0,0
N5.13,N5.13,,1,7,1,0,0,0,0,0,0,0,0
N5.13,N5.13,,1,9,1,1,0,0,0,0,0,0,0
N5.13,N5.13,,2,2,0,0,0,0,0,0,0,0,0
N5.13,N5.13,,2,4,1,0,0,0,0,0,0,0,0
N5.13,N5.13,,2,6,1,1,1,0,0,0,0,0,0
N5.13,N5.13,,2,8,1,0,0,0,0,0,0,0,0
N5.13,N5.13,,2,10,1,0,0,0,0,0,0,0,0
N5.13,N5.13,,3,1,0,0,0,0,0,0,0,0,0
N5.13,N5.13,,3,3,0,0,0,0,0,0,0,0,0
N5.13,N5.13,,3,5,1,0,0,0,0,0,0,0,0
N5.13,N5.13,,3,7,1,0,1,0,0,0,0,0,0
N5.13,N5.13,,3,9,1,0,1,0,0,0,0,0,0
N5.13,N5.13,,4,2,0,0,0,0,0,0,0,0,0
N5.13,N5.13,,4,4,1,0,0,0,0,0,0,0,0
N5.13,N5.13,,4,6,1,1,0,0,0,0,0,0,0
N5.13,N5.13,,4,8,1,0,0,0,0,0,0,0,0
N5.13,N5.13,,4,10,1,1,0,0,0,0,0,0,0
N5.13,N5.13,,5,1,0,0,0,0,0,0,0,0,0
N5.13,N5.13,,5,3,0,0,0,0,0,0,0,0,0
N5.13,N5.13,,5,5,1,0,0,0,0,0,0,0,0
N5.13,N5.13,,5,7,1,0,0,0,0,0,0,0,0
N5.13,N5.13,,5,9,1,1,1,0,0,0,0,0,0
N5.13,N5.13,,6,2,0,0,0,0,0,0,0,0,0
N5.13,N5.13,,6,4,1,0,0,0,0,0,0,0,0
N5.13,N5.13,,6,6,1,0,0,0,0,0,0,0,0
N5.13,N5.13,,6,8,1,1,0,0,0,0,0,0,0
N5.13,N5.13,,6,10,1,0,0,0,0,0,0,0,0
N5.13,N5.13,,7,1,0,0,0,0,0,0,0,0,0
N5.13,N5.13,,7,3,0,0,0,0,0,0,0,0,0
N5.13,N5.13,,7,5,1,0,0,0,0,0,0,0,0
N5.13,N5.13,,7,7,1,0,0,0,0,0,0,0,0
N5.13,N5.13,,7,9,0,0,0,0,0,0,0,0,0
N5.13,N5.13,,8,2,0,0,0,0,0,0,0,0,0
N5.13,N5.13,,8,4,1,0,0,0,0,0,0,0,0
N5.13,N5.13,,8,6,1,0,0,0,0,0,0,0,0
N5.13,N5.13,,8,8,1,0,0,0,0,0,0,0,0
N5.13,N5.13,,8,10,1,0,0,0,0,0,0,0,0
N5.13,N5.13,,9,1,0,0,0,0,0,0,0,0,0
N5.13,N5.13,,9,3,0,0,0,0,0,0,0,0,0
N5.13,N5.13,,9,5,1,0,0,0,1,0,0,0,0
N5.13,N5.13,,9,7,1,0,0,0,0,0,0,0,0
N5.13,N5.13,,9,9,1,0,0,0,0,0,0,1,0
N5.13,N5.13,,10,2,0,0,0,0,0,0,0,0,0
N5.13,N5.13,,10,4,0,0,0,0,0,0,0,0,0
N5.13,N5.13,,10,6,1,0,0,0,0,0,0,0,0
N5.13,N5.13,,10,8,1,0,0,0,0,0,0,0,0
N5.13,N5.13,,10,10,0,1,1,1,0,0,0,0,1
N6.16,N6.16,,1,1,1,0,0,0,0,0,0,0,0
N6.16,N6.16,,1,3,1,0,0,0,0,0,0,0,0
N6.16,N6.16,,1,5,1,1,0,0,0,0,0,0,0
N6.16,N6.16,,1,7,1,0,0,0,0,0,0,0,0
N6.16,N6.16,,1,9,1,0,0,0,0,0,0,0,0
N6.16,N6.16,,2,2,1,0,0,0,0,0,0,0,0
N6.16,N6.16,,2,4,1,1,0,0,0,0,0,0,0
N6.16,N6.16,,2,6,1,1,0,0,0,0,0,0,0
N6.16,N6.16,,2,8,1,0,0,0,0,0,0,0,0
N6.16,N6.16,,2,10,1,0,0,0,0,0,0,0,0
N6.16,N6.16,,3,1,1,0,0,0,0,0,0,0,0
N6.16,N6.16,,3,3,1,1,0,0,0,0,0,0,0
N6.16,N6.16,,3,5,1,1,0,0,0,0,0,0,0
N6.16,N6.16,,3,7,1,0,0,0,0,0,0,0,0
N6.16,N6.16,,3,9,1,1,0,0,0,0,0,0,0
N6.16,N6.16,,4,2,1,1,0,0,0,0,0,0,0
N6.16,N6.16,,4,4,1,1,0,0,0,0,0,0,0
N6.16,N6.16,,4,6,1,0,0,0,0,0,0,0,0
N6.16,N6.16,,4,8,1,1,0,0,0,0,0,0,0
N6.16,N6.16,,4,10,1,0,0,0,0,0,0,0,0
N6.16,N6.16,,5,1,1,0,0,0,0,0,0,0,0
N6.16,N6.16,,5,3,1,1,0,0,0,0,0,0,0
N6.16,N6.16,,5,5,1,1,0,0,0,0,0,0,1
N6.16,N6.16,,5,7,1,0,0,0,0,0,0,0,0
N6.16,N6.16,,5,9,1,1,0,0,0,0,0,0,0
N6.16,N6.16,,6,2,1,1,0,0,0,0,0,0,0
N6.16,N6.16,,6,4,1,1,0,0,0,0,0,0,1
N6.16,N6.16,,6,6,1,0,0,0,0,0,0,0,0
N6.16,N6.16,,6,8,1,1,0,0,0,0,0,0,0
N6.16,N6.16,,6,10,1,0,0,0,0,0,0,0,0
N6.16,N6.16,,7,1,1,1,0,0,0,0,0,0,0
N6.16,N6.16,,7,3,1,1,0,0,0,0,0,0,0
N6.16,N6.16,,7,5,1,0,0,0,0,0,0,0,0
N6.16,N6.16,,7,7,1,0,0,0,0,0,0,0,0
N6.16,N6.16,,7,9,1,1,0,0,0,1,0,0,1
N6.16,N6.16,,8,2,1,1,0,0,0,0,0,0,0
N6.16,N6.16,,8,4,1,1,0,0,0,0,0,0,0
N6.16,N6.16,,8,6,1,0,0,0,0,0,0,0,0
N6.16,N6.16,,8,8,1,1,0,0,1,0,0,0,0
N6.16,N6.16,,8,10,1,1,0,0,0,0,0,0,1
N6.16,N6.16,,9,1,1,1,0,0,1,0,0,0,0
N6.16,N6.16,,9,3,1,1,0,0,0,0,0,0,1
N6.16,N6.16,,9,5,1,0,0,0,0,0,0,0,0
N6.16,N6.16,,9,7,1,1,0,0,0,0,0,0,0
N6.16,N6.16,,9,9,1,1,1,0,0,0,0,0,1
N6.16,N6.16,,10,2,1,1,0,0,0,1,0,0,1
N6.16,N6.16,,10,4,1,0,0,0,0,0,0,0,0
N6.16,N6.16,,10,6,1,1,0,0,0,0,0,0,0
N6.16,N6.16,,10,8,1,1,0,0,0,0,0,0,0
N6.16,N6.16,,10,10,1,1,0,0,0,0,0,0,0
N6.4,N6.4,H10,1,1,1,0,0,0,0,0,0,0,0
N6.4,N6.4,H10,1,3,1,0,0,0,0,0,0,0,0
N6.4,N6.4,H10,1,5,1,0,0,0,0,0,0,0,0
N6.4,N6.4,H10,1,7,1,1,0,0,0,0,0,0,0
N6.4,N6.4,H10,1,9,1,0,0,0,0,0,0,0,0
N6.4,N6.4,H10,2,2,1,0,0,0,0,0,0,0,0
N6.4,N6.4,H10,2,4,1,0,0,0,0,0,0,0,0
N6.4,N6.4,H10,2,6,1,0,0,0,0,0,0,0,0
N6.4,N6.4,H10,2,8,1,0,0,0,0,0,0,0,0
N6.4,N6.4,H10,2,10,1,0,0,0,0,0,0,0,0
N6.4,N6.4,H10,3,1,1,0,0,0,0,0,0,0,0
N6.4,N6.4,H10,3,3,1,1,0,0,0,0,0,0,0
N6.4,N6.4,H10,3,5,1,0,0,0,0,0,0,0,0
N6.4,N6.4,H10,3,7,1,0,1,0,0,0,0,0,0
N6.4,N6.4,H10,3,9,1,0,0,0,0,0,0,0,0
N6.4,N6.4,H10,4,2,1,0,0,0,0,0,0,0,0
N6.4,N6.4,H10,4,4,1,0,0,0,0,0,0,0,0
N6.4,N6.4,H10,4,6,1,0,0,0,0,0,0,0,0
N6.4,N6.4,H10,4,8,1,0,0,0,0,0,0,0,0
N6.4,N6.4,H10,4,10,1,1,0,0,0,0,0,0,0
N6.4,N6.4,H10,5,1,1,0,0,0,0,0,0,0,0
N6.4,N6.4,H10,5,3,1,0,0,0,0,0,0,0,0
N6.4,N6.4,H10,5,5,1,0,0,0,0,0,0,0,0
N6.4,N6.4,H10,5,7,1,1,0,0,0,0,0,0,0
N6.4,N6.4,H10,5,9,1,0,0,0,0,0,0,0,0
N6.4,N6.4,H10,6,2,1,1,0,0,0,0,0,0,0
N6.4,N6.4,H10,6,4,1,0,0,0,0,0,0,0,0
N6.4,N6.4,H10,6,6,1,0,0,0,0,0,0,0,0
N6.4,N6.4,H10,6,8,1,1,0,0,0,0,0,0,0
N6.4,N6.4,H10,6,10,1,1,0,0,0,0,0,0,0
N6.4,N6.4,H10,7,1,1,0,0,0,0,0,0,0,0
N6.4,N6.4,H10,7,3,1,0,0,0,0,0,0,0,0
N6.4,N6.4,H10,7,5,1,0,0,0,0,0,0,0,0
N6.4,N6.4,H10,7,7,1,0,0,0,0,0,0,0,0
N6.4,N6.4,H10,7,9,1,1,0,0,0,0,0,0,0
N6.4,N6.4,H10,8,2,1,1,0,0,0,0,0,0,0
N6.4,N6.4,H10,8,4,1,1,0,0,0,0,0,0,0
N6.4,N6.4,H10,8,6,1,1,0,0,0,0,0,0,0
N6.4,N6.4,H10,8,8,1,0,0,0,0,0,0,0,0
N6.4,N6.4,H10,8,10,1,0,0,0,0,0,0,0,0
N6.4,N6.4,H10,9,1,1,0,0,0,1,0,0,0,0
N6.4,N6.4,H10,9,3,1,0,0,0,0,0,0,0,0
N6.4,N6.4,H10,9,5,1,0,0,0,0,0,0,0,0
N6.4,N6.4,H10,9,7,1,1,0,0,0,0,0,0,0
N6.4,N6.4,H10,9,9,1,0,0,0,0,0,0,0,0
N6.4,N6.4,H10,10,2,1,0,0,0,0,0,0,0,0
N6.4,N6.4,H10,10,4,1,0,0,0,0,0,0,0,0
N6.4,N6.4,H10,10,6,1,0,0,0,0,0,0,0,0
N6.4,N6.4,H10,10,8,1,0,0,1,0,0,0,0,0
N6.4,N6.4,H10,10,10,1,0,0,0,0,0,0,0,0
N6.6,N6.6,,1,1,1,0,0,0,0,0,0,0,0
N6.6,N6.6,,1,3,0,0,0,0,0,0,0,0,0
N6.6,N6.6,,1,5,0,0,0,0,0,0,0,0,0
N6.6,N6.6,,1,7,1,0,0,0,0,0,0,0,0
N6.6,N6.6,,1,9,0,0,0,0,0,0,0,0,0
N6.6,N6.6,,2,2,1,0,0,0,0,0,0,0,0
N6.6,N6.6,,2,4,0,0,0,0,0,0,0,0,0
N6.6,N6.6,,2,6,0,0,0,0,0,0,0,0,0
N6.6,N6.6,,2,8,1,0,0,0,0,0,0,0,0
N6.6,N6.6,,2,10,0,0,0,0,0,0,0,0,0
N6.6,N6.6,,3,1,1,0,0,0,0,0,0,0,0
N6.6,N6.6,,3,3,1,0,0,0,0,0,0,0,0
N6.6,N6.6,,3,5,1,0,0,0,0,0,0,0,0
N6.6,N6.6,,3,7,1,0,0,0,0,0,0,0,0
N6.6,N6.6,,3,9,0,0,0,0,0,0,0,0,0
N6.6,N6.6,,4,2,1,1,0,0,0,0,0,0,0
N6.6,N6.6,,4,4,1,0,0,0,0,0,0,0,0
N6.6,N6.6,,4,6,0,0,0,0,0,0,0,0,0
N6.6,N6.6,,4,8,0,0,0,0,0,0,0,0,0
N6.6,N6.6,,4,10,0,0,0,0,0,0,0,0,0
N6.6,N6.6,,5,1,1,1,0,1,0,0,0,0,0
N6.6,N6.6,,5,3,1,0,0,0,0,0,0,0,0
N6.6,N6.6,,5,5,1,0,0,0,0,0,0,0,0
N6.6,N6.6,,5,7,1,0,0,0,0,0,0,0,0
N6.6,N6.6,,5,9,0,0,0,0,0,0,0,0,0
N6.6,N6.6,,6,2,1,0,0,0,0,0,0,0,0
N6.6,N6.6,,6,4,1,0,0,0,0,0,0,0,0
N6.6,N6.6,,6,6,0,0,0,0,0,0,0,0,0
N6.6,N6.6,,6,8,1,0,0,0,0,0,0,0,0
N6.6,N6.6,,6,10,1,0,0,0,0,0,0,0,0
N6.6,N6.6,,7,1,1,0,0,0,0,0,0,0,0
N6.6,N6.6,,7,3,0,0,0,0,0,0,0,0,0
N6.6,N6.6,,7,5,0,0,0,0,0,0,0,0,0
N6.6,N6.6,,7,7,1,0,0,0,0,0,0,0,0
N6.6,N6.6,,7,9,1,0,0,0,0,0,0,0,0
N6.6,N6.6,,8,2,1,0,0,0,0,0,0,0,0
N6.6,N6.6,,8,4,1,0,0,0,0,0,0,0,0
N6.6,N6.6,,8,6,1,0,0,0,0,0,0,0,0
N6.6,N6.6,,8,8,0,0,0,0,0,0,0,0,0
N6.6,N6.6,,8,10,1,0,0,0,0,0,0,0,0
N6.6,N6.6,,9,1,1,0,0,0,0,0,0,0,0
N6.6,N6.6,,9,3,1,0,0,0,0,0,0,0,0
N6.6,N6.6,,9,5,1,0,0,0,0,0,0,0,0
N6.6,N6.6,,9,7,1,0,0,0,0,0,0,0,0
N6.6,N6.6,,9,9,1,0,0,0,0,0,0,0,0
N6.6,N6.6,,10,2,1,0,0,0,0,0,0,0,0
N6.6,N6.6,,10,4,1,0,0,0,0,0,0,0,0
N6.6,N6.6,,10,6,1,0,0,0,0,0,0,0,0
N6.6,N6.6,,10,8,1,0,0,0,0,0,0,0,0
N6.6,N6.6,,10,10,1,0,0,0,0,0,0,0,0
N7.7,N7.7,H10,1,1,1,0,0,0,0,0,0,0,0
N7.7,N7.7,H10,1,3,0,0,0,0,0,0,0,0,0
N7.7,N7.7,H10,1,5,1,0,0,0,0,0,0,0,0
N7.7,N7.7,H10,1,7,1,0,0,0,0,0,0,0,0
N7.7,N7.7,H10,1,9,1,0,0,0,0,0,0,0,0
N7.7,N7.7,H10,2,2,1,0,0,0,0,0,0,0,0
N7.7,N7.7,H10,2,4,0,0,0,0,0,0,0,0,0
N7.7,N7.7,H10,2,6,1,0,0,0,0,0,0,0,0
N7.7,N7.7,H10,2,8,1,0,0,0,0,0,0,0,0
N7.7,N7.7,H10,2,10,1,0,0,0,0,0,0,0,0
N7.7,N7.7,H10,3,1,0,0,0,0,0,0,0,0,0
N7.7,N7.7,H10,3,3,0,0,0,0,0,0,0,0,0
N7.7,N7.7,H10,3,5,1,0,0,0,0,0,0,0,0
N7.7,N7.7,H10,3,7,1,0,0,0,0,0,0,0,0
N7.7,N7.7,H10,3,9,1,0,0,0,0,0,0,0,0
N7.7,N7.7,H10,4,2,1,0,0,0,0,0,0,0,0
N7.7,N7.7,H10,4,4,1,0,0,0,0,0,0,0,0
N7.7,N7.7,H10,4,6,1,0,0,0,0,0,0,0,0
N7.7,N7.7,H10,4,8,1,0,0,0,0,0,0,0,0
N7.7,N7.7,H10,4,10,1,0,0,0,0,0,0,0,0
N7.7,N7.7,H10,5,1,0,0,0,0,0,0,0,0,0
N7.7,N7.7,H10,5,3,1,0,0,0,0,0,0,0,0
N7.7,N7.7,H10,5,5,0,0,0,0,0,0,0,0,0
N7.7,N7.7,H10,5,7,1,1,0,0,0,0,0,0,0
N7.7,N7.7,H10,5,9,1,0,0,1,0,0,0,0,0
N7.7,N7.7,H10,6,2,0,0,0,0,0,0,0,0,0
N7.7,N7.7,H10,6,4,1,1,0,0,0,0,0,0,0
N7.7,N7.7,H10,6,6,1,1,0,0,0,0,0,0,0
N7.7,N7.7,H10,6,8,1,1,0,0,0,0,0,0,0
N7.7,N7.7,H10,6,10,1,0,0,0,0,0,0,0,0
N7.7,N7.7,H10,7,1,0,0,0,0,0,0,0,0,0
N7.7,N7.7,H10,7,3,1,1,0,0,0,0,0,0,0
N7.7,N7.7,H10,7,5,0,0,0,0,0,0,0,0,0
N7.7,N7.7,H10,7,7,1,0,0,0,0,0,0,0,0
N7.7,N7.7,H10,7,9,1,0,0,0,0,0,0,0,0
N7.7,N7.7,H10,8,2,0,0,0,0,0,0,0,0,0
N7.7,N7.7,H10,8,4,1,0,0,0,0,0,0,0,0
N7.7,N7.7,H10,8,6,0,0,0,0,0,0,0,0,0
N7.7,N7.7,H10,8,8,1,0,0,0,0,0,0,0,0
N7.7,N7.7,H10,8,10,1,0,0,0,0,0,0,0,0
N7.7,N7.7,H10,9,1,0,0,0,0,0,0,0,0,0
N7.7,N7.7,H10,9,3,0,0,0,0,0,0,0,0,0
N7.7,N7.7,H10,9,5,1,0,0,0,0,0,0,0,0
N7.7,N7.7,H10,9,7,1,0,0,0,0,0,0,0,0
N7.7,N7.7,H10,9,9,1,0,0,0,0,0,0,0,0
N7.7,N7.7,H10,10,2,0,0,0,0,0,0,0,0,0
N7.7,N7.7,H10,10,4,0,0,0,0,0,0,0,0,0
N7.7,N7.7,H10,10,6,1,0,0,0,0,0,0,0,0
N7.7,N7.7,H10,10,8,1,0,0,0,0,0,0,0,0
N7.7,N7.7,H10,10,10,1,0,0,0,0,0,0,0,0
N7.8,N7.8,WC.5,1,1,1,0,0,0,0,0,0,0,0
N7.8,N7.8,WC.5,1,3,1,1,1,0,0,0,0,0,0
N7.8,N7.8,WC.5,1,5,1,0,0,0,0,0,0,0,0
N7.8,N7.8,WC.5,1,7,1,0,1,0,0,0,0,0,0
N7.8,N7.8,WC.5,1,9,1,0,0,0,0,0,0,0,0
N7.8,N7.8,WC.5,2,2,1,0,0,0,0,0,0,0,0
N7.8,N7.8,WC.5,2,4,1,0,0,0,0,0,0,0,0
N7.8,N7.8,WC.5,2,6,1,0,0,0,0,0,0,0,0
N7.8,N7.8,WC.5,2,8,1,0,1,0,0,0,0,0,0
N7.8,N7.8,WC.5,2,10,1,0,0,0,0,0,0,0,0
N7.8,N7.8,WC.5,3,1,0,0,0,0,0,0,0,0,0
N7.8,N7.8,WC.5,3,3,1,1,0,0,0,0,0,0,0
N7.8,N7.8,WC.5,3,5,1,0,0,0,0,0,0,0,0
N7.8,N7.8,WC.5,3,7,1,0,0,0,0,0,0,0,0
N7.8,N7.8,WC.5,3,9,1,0,0,0,0,0,0,0,0
N7.8,N7.8,WC.5,4,2,1,1,0,0,0,0,0,0,0
N7.8,N7.8,WC.5,4,4,1,0,0,0,0,0,0,0,0
N7.8,N7.8,WC.5,4,6,1,1,0,0,0,0,0,0,0
N7.8,N7.8,WC.5,4,8,1,0,0,0,0,0,0,0,0
N7.8,N7.8,WC.5,4,10,1,0,0,0,0,0,0,0,0
N7.8,N7.8,WC.5,5,1,1,0,0,0,0,0,0,0,0
N7.8,N7.8,WC.5,5,3,1,0,0,0,0,0,0,0,0
N7.8,N7.8,WC.5,5,5,1,0,0,0,0,0,0,0,0
N7.8,N7.8,WC.5,5,7,1,0,0,0,0,0,0,0,0
N7.8,N7.8,WC.5,5,9,1,0,0,0,0,0,0,0,0
N7.8,N7.8,WC.5,6,2,1,0,0,0,0,0,0,0,0
N7.8,N7.8,WC.5,6,4,1,1,1,0,0,0,0,0,0
N7.8,N7.8,WC.5,6,6,1,1,0,0,0,0,0,0,0
N7.8,N7.8,WC.5,6,8,1,0,0,0,0,0,0,0,0
N7.8,N7.8,WC.5,6,10,1,0,0,0,0,0,0,0,0
N7.8,N7.8,WC.5,7,1,1,0,0,0,0,0,0,0,0
N7.8,N7.8,WC.5,7,3,1,1,1,0,0,0,0,0,0
N7.8,N7.8,WC.5,7,5,1,1,0,0,0,0,0,0,0
N7.8,N7.8,WC.5,7,7,1,0,0,0,0,0,0,0,0
N7.8,N7.8,WC.5,7,9,1,0,0,0,0,0,0,0,0
N7.8,N7.8,WC.5,8,2,1,1,0,0,1,0,0,0,0
N7.8,N7.8,WC.5,8,4,1,0,0,0,0,0,0,0,0
N7.8,N7.8,WC.5,8,6,1,0,0,0,1,0,0,0,0
N7.8,N7.8,WC.5,8,8,1,0,0,0,0,0,0,0,0
N7.8,N7.8,WC.5,8,10,1,0,0,0,0,0,0,0,0
N7.8,N7.8,WC.5,9,1,1,0,0,0,0,0,0,0,0
N7.8,N7.8,WC.5,9,3,1,0,0,0,0,0,0,0,0
N7.8,N7.8,WC.5,9,5,1,0,0,0,0,0,0,0,0
N7.8,N7.8,WC.5,9,7,1,1,0,0,0,0,0,0,0
N7.8,N7.8,WC.5,9,9,1,0,0,0,0,0,0,0,0
N7.8,N7.8,WC.5,10,2,1,0,0,0,0,0,0,0,0
N7.8,N7.8,WC.5,10,4,1,1,0,0,0,0,0,0,0
N7.8,N7.8,WC.5,10,6,1,0,0,0,0,0,0,0,0
N7.8,N7.8,WC.5,10,8,1,0,0,0,0,0,0,0,0
N7.8,N7.8,WC.5,10,10,1,0,0,0,0,0,0,0,0